                  epoch,         train/box_loss,         train/cls_loss,         train/dfl_loss,   metrics/precision(B),      metrics/recall(B),       metrics/mAP50(B),    metrics/mAP50-95(B),           val/box_loss,           val/cls_loss,           val/dfl_loss,                 lr/pg0,                 lr/pg1,                 lr/pg2
                      1,                 0.6439,                 2.6323,                 1.1637,                0.57722,                0.43947,                0.52585,                0.44984,                0.56425,                 2.2797,                 1.0027,             0.00017467,             0.00017467,             0.00017467
                      2,                0.58062,                 1.7968,                 1.1045,                0.55387,                0.60845,                0.63096,                0.55472,                0.54279,                 1.7157,                0.96651,              0.0002807,              0.0002807,              0.0002807
                      3,                0.53794,                 1.5209,                 1.0719,                0.55507,                0.62679,                0.64212,                0.55896,                0.54477,                 1.4674,                0.97402,              0.0003173,              0.0003173,              0.0003173
                      4,                0.51812,                 1.3586,                 1.0595,                0.69956,                0.71076,                0.76657,                0.69247,                0.47989,                 1.1184,                0.91456,             0.00021356,             0.00021356,             0.00021356
                      5,                0.46138,                 1.1513,                 1.0379,                0.78331,                0.74763,                0.80967,                0.73666,                 0.4338,                 1.0188,                0.88934,             0.00010941,             0.00010941,             0.00010941
